{"loss": 0.0038937132339924574, "_timestamp": 1723645493.435163, "_runtime": 606.9918811321259, "_step": 3435, "epoch": 3, "accuracy": 91.39579349904398, "_wandb": {"runtime": 607}}