{"loss": 0.024259230121970177, "_timestamp": 1723644687.20347, "_runtime": 209.00704908370972, "_step": 2090, "_wandb": {"runtime": 94}}