{"loss": 0.19648808240890503, "_timestamp": 1723643377.7615461, "_runtime": 36.829750061035156, "_step": 696, "_wandb": {"runtime": 36}}