{"loss": 0.22138778865337372, "_timestamp": 1723650516.618279, "_runtime": 458.1157009601593, "_step": 3078, "epoch": 3, "accuracy": 84.70363288718929, "test_predictions": {"_type": "table-file", "sha256": "5c0fd3a86554d7da92cd3853b0c2a88d9ffd5855ad835904c564bcf7e8657cd4", "size": 85504, "artifact_path": "wandb-client-artifact://ecqtt9shvyxl4pwd6or1abc550bog6tf6jp2b0tcef63xngfvyy09ej2whfni1fvyi04kq0c3pie4bzqk76wvcl3sj0du72re5eg2i3tv6ozjujnjpq6egc6c61lm64z/test_predictions.table.json", "_latest_artifact_path": "wandb-client-artifact://z0127rhlermy253283hpzqy01x6lqqfbwhi1713q5x0w89eupl1e0xebdfl61rdc8sfzpk6cjeiygs9fwl0rxy8rrbwf29g1unypjgk71xiic8x07vwcrn1a1uw4f5pn:latest/test_predictions.table.json", "path": "media/table/test_predictions_698_5c0fd3a86554d7da92cd.table.json", "ncols": 6, "nrows": 4184}, "_wandb": {"runtime": 458}}