{"loss": 0.2918058931827545, "_timestamp": 1723641291.3662307, "_runtime": 67.99178171157837, "_step": 195}